,time,rain_sum,precipitation_hours,city
0,2024-01-01,8.3,8.0,london
1,2024-01-02,9.6,11.0,london
2,2024-01-03,2.3,6.0,london
3,2024-01-04,27.7,8.0,london
4,2024-01-05,4.6,8.0,london
5,2024-01-06,0.2,2.0,london
6,2024-01-07,0.0,0.0,london
7,2024-01-08,0.4,4.0,london
8,2024-01-09,0.0,0.0,london
9,2024-01-10,0.0,0.0,london
10,2024-01-11,0.0,0.0,london
11,2024-01-12,0.0,0.0,london
12,2024-01-13,0.0,0.0,london
13,2024-01-14,1.6,8.0,london
14,2024-01-15,0.0,0.0,london
15,2024-01-16,0.0,0.0,london
16,2024-01-17,0.0,0.0,london
17,2024-01-18,0.0,0.0,london
18,2024-01-19,0.0,0.0,london
19,2024-01-20,0.0,0.0,london
20,2024-01-21,1.3,5.0,london
21,2024-01-22,6.0,7.0,london
22,2024-01-23,2.9,9.0,london
23,2024-01-24,0.1,1.0,london
24,2024-01-25,0.1,1.0,london
25,2024-01-26,1.6,4.0,london
26,2024-01-27,0.0,0.0,london
27,2024-01-28,0.0,0.0,london
28,2024-01-29,0.0,0.0,london
29,2024-01-30,0.0,0.0,london
30,2024-01-31,0.4,2.0,london
31,2024-02-01,0.2,2.0,london
32,2024-02-02,0.0,0.0,london
33,2024-02-03,0.7,1.0,london
34,2024-02-04,0.1,1.0,london
35,2024-02-05,0.0,0.0,london
36,2024-02-06,5.8,10.0,london
37,2024-02-07,12.3,7.0,london
38,2024-02-08,16.1,18.0,london
39,2024-02-09,7.0,13.0,london
40,2024-02-10,3.3,9.0,london
41,2024-02-11,7.3,10.0,london
42,2024-02-12,0.0,0.0,london
43,2024-02-13,2.6,7.0,london
44,2024-02-14,2.2,5.0,london
45,2024-02-15,1.1,5.0,london
46,2024-02-16,2.0,5.0,london
47,2024-02-17,0.7,4.0,london
48,2024-02-18,13.2,15.0,london
49,2024-02-19,2.2,4.0,london
50,2024-02-20,0.1,1.0,london
51,2024-02-21,3.5,12.0,london
52,2024-02-22,11.5,10.0,london
53,2024-02-23,1.5,5.0,london
54,2024-02-24,1.6,6.0,london
55,2024-02-25,2.9,8.0,london
56,2024-02-26,1.4,4.0,london
57,2024-02-27,0.5,1.0,london
58,2024-02-28,1.3,7.0,london
59,2024-02-29,8.3,15.0,london
60,2024-03-01,6.5,9.0,london
61,2024-03-02,2.2,11.0,london
62,2024-03-03,0.0,0.0,london
63,2024-03-04,1.0,5.0,london
64,2024-03-05,1.9,8.0,london
65,2024-03-06,0.0,0.0,london
66,2024-03-07,0.3,3.0,london
67,2024-03-08,0.0,0.0,london
68,2024-03-09,0.4,2.0,london
69,2024-03-10,8.5,20.0,london
70,2024-03-11,2.0,7.0,london
71,2024-03-12,13.3,11.0,london
72,2024-03-13,0.5,4.0,london
73,2024-03-14,1.2,5.0,london
74,2024-03-15,1.3,8.0,london
75,2024-03-16,1.3,3.0,london
76,2024-03-17,6.4,9.0,london
77,2024-03-18,0.2,2.0,london
78,2024-03-19,0.2,2.0,london
79,2024-03-20,0.8,6.0,london
80,2024-03-21,0.0,0.0,london
81,2024-03-22,0.4,2.0,london
82,2024-03-23,1.1,3.0,london
83,2024-03-24,0.0,0.0,london
84,2024-03-25,0.9,3.0,london
85,2024-03-26,10.9,8.0,london
86,2024-03-27,3.9,7.0,london
87,2024-03-28,10.2,14.0,london
88,2024-03-29,5.0,8.0,london
89,2024-03-30,0.0,0.0,london
90,2024-03-31,0.3,1.0,london
91,2024-04-01,6.0,10.0,london
92,2024-04-02,4.3,12.0,london
93,2024-04-03,0.7,4.0,london
94,2024-04-04,3.5,11.0,london
95,2024-04-05,5.5,15.0,london
96,2024-04-06,0.1,1.0,london
97,2024-04-07,0.0,0.0,london
98,2024-04-08,1.7,4.0,london
99,2024-04-09,0.5,4.0,london
100,2024-04-10,1.7,7.0,london
101,2024-04-11,0.4,4.0,london
102,2024-04-12,0.0,0.0,london
103,2024-04-13,0.0,0.0,london
104,2024-04-14,0.0,0.0,london
105,2024-04-15,4.6,7.0,london
106,2024-04-16,4.4,11.0,london
107,2024-04-17,0.5,3.0,london
108,2024-04-18,0.9,4.0,london
109,2024-04-19,1.2,5.0,london
110,2024-04-20,0.2,2.0,london
111,2024-04-21,0.0,0.0,london
112,2024-04-22,1.0,6.0,london
113,2024-04-23,1.5,11.0,london
114,2024-04-24,0.0,0.0,london
115,2024-04-25,4.2,11.0,london
116,2024-04-26,0.0,0.0,london
117,2024-04-27,7.5,16.0,london
118,2024-04-28,14.0,19.0,london
119,2024-04-29,0.3,3.0,london
120,2024-04-30,0.4,4.0,london
121,2024-05-01,0.1,1.0,london
122,2024-05-02,2.5,7.0,london
123,2024-05-03,9.0,19.0,london
124,2024-05-04,2.7,7.0,london
125,2024-05-05,0.3,3.0,london
126,2024-05-06,9.7,16.0,london
127,2024-05-07,0.5,4.0,london
128,2024-05-08,0.0,0.0,london
129,2024-05-09,0.0,0.0,london
130,2024-05-10,0.0,0.0,london
131,2024-05-11,0.0,0.0,london
132,2024-05-12,0.0,0.0,london
133,2024-05-13,0.3,3.0,london
134,2024-05-14,6.6,12.0,london
135,2024-05-15,0.6,5.0,london
136,2024-05-16,2.1,9.0,london
137,2024-05-17,0.2,2.0,london
138,2024-05-18,1.6,5.0,london
139,2024-05-19,0.2,2.0,london
140,2024-05-20,0.1,1.0,london
141,2024-05-21,8.4,14.0,london
142,2024-05-22,14.3,22.0,london
143,2024-05-23,0.0,0.0,london
144,2024-05-24,0.0,0.0,london
145,2024-05-25,0.1,1.0,london
146,2024-05-26,5.4,15.0,london
147,2024-05-27,0.8,4.0,london
148,2024-05-28,4.0,9.0,london
149,2024-05-29,0.5,5.0,london
150,2024-05-30,3.4,10.0,london
151,2024-05-31,1.1,3.0,london
152,2024-06-01,0.0,0.0,london
153,2024-06-02,0.0,0.0,london
154,2024-06-03,0.3,3.0,london
155,2024-06-04,3.7,7.0,london
156,2024-06-05,0.0,0.0,london
157,2024-06-06,0.1,1.0,london
158,2024-06-07,0.1,1.0,london
159,2024-06-08,0.6,5.0,london
160,2024-06-09,0.0,0.0,london
161,2024-06-10,8.0,15.0,london
162,2024-06-11,2.0,10.0,london
163,2024-06-12,1.0,7.0,london
164,2024-06-13,1.6,5.0,london
165,2024-06-14,2.4,9.0,london
166,2024-06-15,2.6,8.0,london
167,2024-06-16,0.1,1.0,london
168,2024-06-17,0.0,0.0,london
169,2024-06-18,0.3,3.0,london
170,2024-06-19,0.0,0.0,london
171,2024-06-20,0.0,0.0,london
172,2024-06-21,0.1,1.0,london
173,2024-06-22,1.6,10.0,london
174,2024-06-23,0.0,0.0,london
175,2024-06-24,0.0,0.0,london
176,2024-06-25,0.0,0.0,london
177,2024-06-26,0.0,0.0,london
178,2024-06-27,0.0,0.0,london
179,2024-06-28,0.0,0.0,london
180,2024-06-29,0.0,0.0,london
181,2024-06-30,0.3,2.0,london
182,2024-07-01,0.1,1.0,london
183,2024-07-02,0.1,1.0,london
184,2024-07-03,1.6,6.0,london
185,2024-07-04,0.4,1.0,london
186,2024-07-05,22.0,18.0,london
187,2024-07-06,10.3,17.0,london
188,2024-07-07,12.3,9.0,london
189,2024-07-08,4.6,11.0,london
190,2024-07-09,18.3,17.0,london
191,2024-07-10,0.2,2.0,london
192,2024-07-11,0.3,2.0,london
193,2024-07-12,0.0,0.0,london
194,2024-07-13,0.6,5.0,london
195,2024-07-14,0.1,1.0,london
196,2024-07-15,7.0,10.0,london
197,2024-07-16,1.4,8.0,london
198,2024-07-17,0.0,0.0,london
199,2024-07-18,0.0,0.0,london
200,2024-07-19,0.0,0.0,london
201,2024-07-20,0.1,1.0,london
202,2024-07-21,0.0,0.0,london
203,2024-07-22,0.4,4.0,london
204,2024-07-23,2.1,9.0,london
205,2024-07-24,0.5,2.0,london
206,2024-07-25,2.3,9.0,london
207,2024-07-26,0.0,0.0,london
208,2024-07-27,0.0,0.0,london
209,2024-07-28,0.0,0.0,london
210,2024-07-29,0.0,0.0,london
211,2024-07-30,0.0,0.0,london
212,2024-07-31,0.3,1.0,london
213,2024-08-01,7.7,7.0,london
214,2024-08-02,1.5,8.0,london
215,2024-08-03,0.8,4.0,london
216,2024-08-04,0.0,0.0,london
217,2024-08-05,0.0,0.0,london
218,2024-08-06,2.2,6.0,london
219,2024-08-07,0.0,0.0,london
220,2024-08-08,0.1,1.0,london
221,2024-08-09,0.0,0.0,london
222,2024-08-10,0.0,0.0,london
223,2024-08-11,0.0,0.0,london
224,2024-08-12,0.0,0.0,london
225,2024-08-13,0.0,0.0,london
226,2024-08-14,0.6,4.0,london
227,2024-08-15,0.1,1.0,london
228,2024-08-16,1.2,3.0,london
229,2024-08-17,0.0,0.0,london
230,2024-08-18,0.0,0.0,london
231,2024-08-19,1.7,1.0,london
232,2024-08-20,0.3,3.0,london
233,2024-08-21,0.1,1.0,london
234,2024-08-22,0.7,4.0,london
235,2024-08-23,0.9,5.0,london
236,2024-08-24,11.4,11.0,london
237,2024-08-25,0.0,0.0,london
238,2024-08-26,0.0,0.0,london
239,2024-08-27,0.0,0.0,london
240,2024-08-28,0.0,0.0,london
241,2024-08-29,0.0,0.0,london
242,2024-08-30,0.0,0.0,london
243,2024-08-31,0.0,0.0,london
244,2024-09-01,0.0,0.0,london
245,2024-09-02,1.4,3.0,london
246,2024-09-03,2.9,12.0,london
247,2024-09-04,0.5,3.0,london
248,2024-09-05,9.3,12.0,london
249,2024-09-06,9.4,10.0,london
250,2024-09-07,6.2,5.0,london
251,2024-09-08,8.8,9.0,london
252,2024-09-09,0.0,0.0,london
253,2024-09-10,2.2,6.0,london
254,2024-09-11,3.9,3.0,london
255,2024-09-12,2.6,7.0,london
256,2024-09-13,0.0,0.0,london
257,2024-09-14,0.0,0.0,london
258,2024-09-15,1.5,3.0,london
259,2024-09-16,0.0,0.0,london
260,2024-09-17,0.0,0.0,london
261,2024-09-18,0.0,0.0,london
262,2024-09-19,0.1,1.0,london
263,2024-09-20,4.3,4.0,london
264,2024-09-21,0.4,2.0,london
265,2024-09-22,18.8,19.0,london
266,2024-09-23,48.7,21.0,london
267,2024-09-24,5.5,9.0,london
268,2024-09-25,10.0,13.0,london
269,2024-09-26,13.1,16.0,london
270,2024-09-27,2.9,10.0,london
271,2024-09-28,0.0,0.0,london
272,2024-09-29,5.1,4.0,london
273,2024-09-30,11.7,12.0,london
274,2024-10-01,12.7,10.0,london
275,2024-10-02,1.0,7.0,london
276,2024-10-03,0.0,0.0,london
277,2024-10-04,0.0,0.0,london
278,2024-10-05,0.0,0.0,london
279,2024-10-06,4.0,4.0,london
280,2024-10-07,10.2,9.0,london
281,2024-10-08,4.3,12.0,london
282,2024-10-09,2.1,11.0,london
283,2024-10-10,3.4,10.0,london
284,2024-10-11,0.0,0.0,london
285,2024-10-12,3.4,10.0,london
286,2024-10-13,0.0,0.0,london
287,2024-10-14,14.1,9.0,london
288,2024-10-15,0.2,2.0,london
289,2024-10-16,6.2,6.0,london
290,2024-10-17,2.7,5.0,london
291,2024-10-18,0.6,2.0,london
292,2024-10-19,7.3,12.0,london
293,2024-10-20,3.6,9.0,london
294,2024-10-21,1.7,10.0,london
295,2024-10-22,0.2,2.0,london
296,2024-10-23,0.2,2.0,london
297,2024-10-24,0.0,0.0,london
298,2024-10-25,4.2,5.0,london
299,2024-10-26,0.0,0.0,london
300,2024-10-27,0.0,0.0,london
301,2024-10-28,0.5,4.0,london
302,2024-10-29,0.6,5.0,london
303,2024-10-30,0.0,0.0,london
304,2024-10-31,0.0,0.0,london
305,2024-11-01,0.0,0.0,london
306,2024-11-02,0.1,1.0,london
307,2024-11-03,0.0,0.0,london
308,2024-11-04,0.0,0.0,london
309,2024-11-05,0.0,0.0,london
310,2024-11-06,0.0,0.0,london
311,2024-11-07,0.0,0.0,london
312,2024-11-08,0.2,2.0,london
313,2024-11-09,0.0,0.0,london
314,2024-11-10,0.0,0.0,london
315,2024-11-11,0.0,0.0,london
316,2024-11-12,0.0,0.0,london
317,2024-11-13,0.0,0.0,london
318,2024-11-14,0.5,3.0,london
319,2024-11-15,0.0,0.0,london
320,2024-11-16,0.6,2.0,london
321,2024-11-17,0.5,3.0,london
322,2024-11-18,9.2,13.0,london
323,2024-11-19,9.7,15.0,london
324,2024-11-20,0.0,0.0,london
325,2024-11-21,0.0,0.0,london
326,2024-11-22,0.0,2.0,london
327,2024-11-23,9.7,18.0,london
328,2024-11-24,9.0,14.0,london
329,2024-11-25,1.7,6.0,london
330,2024-11-26,0.1,1.0,london
331,2024-11-27,18.5,10.0,london
332,2024-11-28,0.0,0.0,london
333,2024-11-29,0.0,0.0,london
334,2024-11-30,0.0,0.0,london
335,2024-12-01,2.2,6.0,london
336,2024-12-02,0.4,4.0,london
337,2024-12-03,0.0,0.0,london
338,2024-12-04,0.7,2.0,london
339,2024-12-05,8.5,19.0,london
340,2024-12-06,0.3,2.0,london
341,2024-12-07,6.2,12.0,london
342,2024-12-08,8.1,20.0,london
343,2024-12-09,0.1,1.0,london
344,2024-12-10,0.1,1.0,london
345,2024-12-11,0.1,1.0,london
346,2024-12-12,0.2,2.0,london
347,2024-12-13,0.1,1.0,london
348,2024-12-14,0.3,3.0,london
349,2024-12-15,0.0,0.0,london
350,2024-12-16,0.2,2.0,london
351,2024-12-17,0.0,0.0,london
352,2024-12-18,3.8,7.0,london
353,2024-12-19,3.0,6.0,london
354,2024-12-20,0.7,4.0,london
355,2024-12-21,2.3,6.0,london
356,2024-12-22,1.6,5.0,london
357,2024-12-23,1.7,8.0,london
358,2024-12-24,0.0,0.0,london
359,2024-12-25,0.0,0.0,london
360,2024-12-26,0.0,0.0,london
361,2024-12-27,0.0,0.0,london
362,2024-12-28,0.0,0.0,london
363,2024-12-29,0.0,0.0,london
364,2024-12-30,0.0,0.0,london
365,2024-12-31,0.0,0.0,london
366,2024-01-01,2.1,3.0,paris
367,2024-01-02,14.0,20.0,paris
368,2024-01-03,2.1,4.0,paris
369,2024-01-04,1.3,3.0,paris
370,2024-01-05,0.0,0.0,paris
371,2024-01-06,1.6,6.0,paris
372,2024-01-07,0.1,1.0,paris
373,2024-01-08,0.0,2.0,paris
374,2024-01-09,0.0,8.0,paris
375,2024-01-10,0.0,0.0,paris
376,2024-01-11,0.0,0.0,paris
377,2024-01-12,0.0,0.0,paris
378,2024-01-13,0.0,0.0,paris
379,2024-01-14,0.0,0.0,paris
380,2024-01-15,0.3,4.0,paris
381,2024-01-16,0.0,0.0,paris
382,2024-01-17,26.7,22.0,paris
383,2024-01-18,2.9,9.0,paris
384,2024-01-19,0.0,0.0,paris
385,2024-01-20,0.0,0.0,paris
386,2024-01-21,0.1,1.0,paris
387,2024-01-22,6.2,10.0,paris
388,2024-01-23,0.5,4.0,paris
389,2024-01-24,0.5,5.0,paris
390,2024-01-25,1.1,6.0,paris
391,2024-01-26,1.0,4.0,paris
392,2024-01-27,0.0,0.0,paris
393,2024-01-28,0.0,0.0,paris
394,2024-01-29,0.0,0.0,paris
395,2024-01-30,0.0,0.0,paris
396,2024-01-31,0.0,0.0,paris
397,2024-02-01,1.1,6.0,paris
398,2024-02-02,0.0,0.0,paris
399,2024-02-03,0.0,0.0,paris
400,2024-02-04,0.0,0.0,paris
401,2024-02-05,0.0,0.0,paris
402,2024-02-06,0.0,0.0,paris
403,2024-02-07,5.9,15.0,paris
404,2024-02-08,7.4,17.0,paris
405,2024-02-09,3.4,7.0,paris
406,2024-02-10,7.4,11.0,paris
407,2024-02-11,1.1,6.0,paris
408,2024-02-12,0.8,6.0,paris
409,2024-02-13,1.9,4.0,paris
410,2024-02-14,0.5,4.0,paris
411,2024-02-15,3.6,5.0,paris
412,2024-02-16,4.4,8.0,paris
413,2024-02-17,0.0,0.0,paris
414,2024-02-18,6.2,7.0,paris
415,2024-02-19,0.6,4.0,paris
416,2024-02-20,0.0,0.0,paris
417,2024-02-21,10.8,10.0,paris
418,2024-02-22,15.6,18.0,paris
419,2024-02-23,2.2,8.0,paris
420,2024-02-24,3.6,6.0,paris
421,2024-02-25,9.4,14.0,paris
422,2024-02-26,8.5,17.0,paris
423,2024-02-27,0.0,0.0,paris
424,2024-02-28,0.0,0.0,paris
425,2024-02-29,1.4,10.0,paris
426,2024-03-01,5.2,8.0,paris
427,2024-03-02,11.2,13.0,paris
428,2024-03-03,3.2,11.0,paris
429,2024-03-04,0.6,2.0,paris
430,2024-03-05,7.5,14.0,paris
431,2024-03-06,3.2,11.0,paris
432,2024-03-07,0.0,0.0,paris
433,2024-03-08,0.0,0.0,paris
434,2024-03-09,4.6,10.0,paris
435,2024-03-10,3.0,14.0,paris
436,2024-03-11,1.6,7.0,paris
437,2024-03-12,5.2,9.0,paris
438,2024-03-13,0.0,0.0,paris
439,2024-03-14,0.0,0.0,paris
440,2024-03-15,6.9,9.0,paris
441,2024-03-16,0.7,2.0,paris
442,2024-03-17,4.6,12.0,paris
443,2024-03-18,3.4,8.0,paris
444,2024-03-19,0.0,0.0,paris
445,2024-03-20,0.0,0.0,paris
446,2024-03-21,0.0,0.0,paris
447,2024-03-22,0.1,1.0,paris
448,2024-03-23,8.0,14.0,paris
449,2024-03-24,0.8,6.0,paris
450,2024-03-25,0.0,0.0,paris
451,2024-03-26,8.0,17.0,paris
452,2024-03-27,1.3,8.0,paris
453,2024-03-28,3.5,7.0,paris
454,2024-03-29,8.2,16.0,paris
455,2024-03-30,11.7,14.0,paris
456,2024-03-31,2.4,7.0,paris
457,2024-04-01,1.7,7.0,paris
458,2024-04-02,0.5,5.0,paris
459,2024-04-03,7.2,14.0,paris
460,2024-04-04,10.8,17.0,paris
461,2024-04-05,4.2,7.0,paris
462,2024-04-06,0.0,0.0,paris
463,2024-04-07,10.6,10.0,paris
464,2024-04-08,8.3,6.0,paris
465,2024-04-09,1.2,6.0,paris
466,2024-04-10,0.0,0.0,paris
467,2024-04-11,0.5,3.0,paris
468,2024-04-12,0.0,0.0,paris
469,2024-04-13,0.0,0.0,paris
470,2024-04-14,0.0,0.0,paris
471,2024-04-15,2.8,6.0,paris
472,2024-04-16,2.8,9.0,paris
473,2024-04-17,1.3,4.0,paris
474,2024-04-18,0.7,4.0,paris
475,2024-04-19,0.8,3.0,paris
476,2024-04-20,0.1,1.0,paris
477,2024-04-21,1.7,6.0,paris
478,2024-04-22,0.6,6.0,paris
479,2024-04-23,0.0,0.0,paris
480,2024-04-24,1.2,9.0,paris
481,2024-04-25,0.2,2.0,paris
482,2024-04-26,3.0,6.0,paris
483,2024-04-27,16.2,18.0,paris
484,2024-04-28,3.9,8.0,paris
485,2024-04-29,0.4,3.0,paris
486,2024-04-30,5.2,12.0,paris
487,2024-05-01,5.1,6.0,paris
488,2024-05-02,7.4,13.0,paris
489,2024-05-03,2.6,6.0,paris
490,2024-05-04,0.7,7.0,paris
491,2024-05-05,1.7,7.0,paris
492,2024-05-06,3.5,8.0,paris
493,2024-05-07,1.1,6.0,paris
494,2024-05-08,0.0,0.0,paris
495,2024-05-09,0.0,0.0,paris
496,2024-05-10,0.0,0.0,paris
497,2024-05-11,0.0,0.0,paris
498,2024-05-12,8.3,7.0,paris
499,2024-05-13,0.0,0.0,paris
500,2024-05-14,17.1,21.0,paris
501,2024-05-15,2.3,9.0,paris
502,2024-05-16,3.2,3.0,paris
503,2024-05-17,0.2,2.0,paris
504,2024-05-18,7.1,9.0,paris
505,2024-05-19,2.0,7.0,paris
506,2024-05-20,10.5,7.0,paris
507,2024-05-21,13.5,12.0,paris
508,2024-05-22,3.9,10.0,paris
509,2024-05-23,8.0,9.0,paris
510,2024-05-24,3.2,10.0,paris
511,2024-05-25,1.1,4.0,paris
512,2024-05-26,3.6,13.0,paris
513,2024-05-27,1.8,8.0,paris
514,2024-05-28,2.0,6.0,paris
515,2024-05-29,17.6,19.0,paris
516,2024-05-30,6.0,11.0,paris
517,2024-05-31,3.6,11.0,paris
518,2024-06-01,2.4,14.0,paris
519,2024-06-02,0.0,0.0,paris
520,2024-06-03,0.0,0.0,paris
521,2024-06-04,1.3,9.0,paris
522,2024-06-05,0.4,4.0,paris
523,2024-06-06,0.0,0.0,paris
524,2024-06-07,0.0,0.0,paris
525,2024-06-08,0.0,0.0,paris
526,2024-06-09,0.0,0.0,paris
527,2024-06-10,3.0,4.0,paris
528,2024-06-11,0.4,2.0,paris
529,2024-06-12,3.0,6.0,paris
530,2024-06-13,0.7,2.0,paris
531,2024-06-14,3.5,12.0,paris
532,2024-06-15,1.7,6.0,paris
533,2024-06-16,4.9,13.0,paris
534,2024-06-17,7.7,11.0,paris
535,2024-06-18,21.4,16.0,paris
536,2024-06-19,1.8,9.0,paris
537,2024-06-20,1.8,9.0,paris
538,2024-06-21,18.6,13.0,paris
539,2024-06-22,3.7,14.0,paris
540,2024-06-23,0.0,0.0,paris
541,2024-06-24,0.0,0.0,paris
542,2024-06-25,0.0,0.0,paris
543,2024-06-26,0.0,0.0,paris
544,2024-06-27,0.2,2.0,paris
545,2024-06-28,0.0,0.0,paris
546,2024-06-29,31.8,4.0,paris
547,2024-06-30,4.2,12.0,paris
548,2024-07-01,1.4,6.0,paris
549,2024-07-02,1.2,9.0,paris
550,2024-07-03,0.2,2.0,paris
551,2024-07-04,0.4,4.0,paris
552,2024-07-05,0.1,1.0,paris
553,2024-07-06,0.1,1.0,paris
554,2024-07-07,0.1,1.0,paris
555,2024-07-08,0.0,0.0,paris
556,2024-07-09,2.6,4.0,paris
557,2024-07-10,0.5,1.0,paris
558,2024-07-11,0.3,2.0,paris
559,2024-07-12,12.4,22.0,paris
560,2024-07-13,3.2,10.0,paris
561,2024-07-14,0.1,1.0,paris
562,2024-07-15,1.1,3.0,paris
563,2024-07-16,0.8,7.0,paris
564,2024-07-17,0.0,0.0,paris
565,2024-07-18,0.0,0.0,paris
566,2024-07-19,0.2,2.0,paris
567,2024-07-20,8.8,5.0,paris
568,2024-07-21,6.4,14.0,paris
569,2024-07-22,0.0,0.0,paris
570,2024-07-23,1.9,8.0,paris
571,2024-07-24,0.0,0.0,paris
572,2024-07-25,0.0,0.0,paris
573,2024-07-26,4.9,14.0,paris
574,2024-07-27,8.0,18.0,paris
575,2024-07-28,0.0,0.0,paris
576,2024-07-29,0.0,0.0,paris
577,2024-07-30,0.0,0.0,paris
578,2024-07-31,7.1,4.0,paris
579,2024-08-01,29.4,8.0,paris
580,2024-08-02,2.7,5.0,paris
581,2024-08-03,0.6,2.0,paris
582,2024-08-04,0.0,0.0,paris
583,2024-08-05,0.0,0.0,paris
584,2024-08-06,0.0,0.0,paris
585,2024-08-07,2.8,5.0,paris
586,2024-08-08,0.1,1.0,paris
587,2024-08-09,0.0,0.0,paris
588,2024-08-10,0.0,0.0,paris
589,2024-08-11,0.0,0.0,paris
590,2024-08-12,0.0,0.0,paris
591,2024-08-13,1.4,5.0,paris
592,2024-08-14,8.9,15.0,paris
593,2024-08-15,0.7,4.0,paris
594,2024-08-16,0.1,1.0,paris
595,2024-08-17,37.7,11.0,paris
596,2024-08-18,6.4,6.0,paris
597,2024-08-19,0.0,0.0,paris
598,2024-08-20,16.2,7.0,paris
599,2024-08-21,0.0,0.0,paris
600,2024-08-22,0.0,0.0,paris
601,2024-08-23,0.1,1.0,paris
602,2024-08-24,2.9,5.0,paris
603,2024-08-25,0.0,0.0,paris
604,2024-08-26,0.0,0.0,paris
605,2024-08-27,0.0,0.0,paris
606,2024-08-28,0.0,0.0,paris
607,2024-08-29,1.1,4.0,paris
608,2024-08-30,13.2,10.0,paris
609,2024-08-31,0.9,2.0,paris
610,2024-09-01,0.2,1.0,paris
611,2024-09-02,0.3,2.0,paris
612,2024-09-03,7.5,9.0,paris
613,2024-09-04,1.6,4.0,paris
614,2024-09-05,29.2,14.0,paris
615,2024-09-06,0.3,1.0,paris
616,2024-09-07,6.2,10.0,paris
617,2024-09-08,5.7,7.0,paris
618,2024-09-09,1.0,6.0,paris
619,2024-09-10,0.1,1.0,paris
620,2024-09-11,4.7,8.0,paris
621,2024-09-12,2.0,3.0,paris
622,2024-09-13,1.9,7.0,paris
623,2024-09-14,0.0,0.0,paris
624,2024-09-15,0.0,0.0,paris
625,2024-09-16,0.4,4.0,paris
626,2024-09-17,0.0,0.0,paris
627,2024-09-18,0.5,4.0,paris
628,2024-09-19,0.0,0.0,paris
629,2024-09-20,4.6,7.0,paris
630,2024-09-21,0.5,2.0,paris
631,2024-09-22,13.9,15.0,paris
632,2024-09-23,8.8,12.0,paris
633,2024-09-24,1.4,8.0,paris
634,2024-09-25,16.0,12.0,paris
635,2024-09-26,11.5,11.0,paris
636,2024-09-27,1.5,7.0,paris
637,2024-09-28,0.7,4.0,paris
638,2024-09-29,0.0,0.0,paris
639,2024-09-30,0.4,3.0,paris
640,2024-10-01,0.1,1.0,paris
641,2024-10-02,1.6,6.0,paris
642,2024-10-03,0.1,1.0,paris
643,2024-10-04,0.0,0.0,paris
644,2024-10-05,0.0,0.0,paris
645,2024-10-06,4.2,7.0,paris
646,2024-10-07,11.8,8.0,paris
647,2024-10-08,0.5,4.0,paris
648,2024-10-09,55.7,21.0,paris
649,2024-10-10,1.3,11.0,paris
650,2024-10-11,0.0,0.0,paris
651,2024-10-12,1.8,5.0,paris
652,2024-10-13,0.0,0.0,paris
653,2024-10-14,0.1,1.0,paris
654,2024-10-15,0.2,1.0,paris
655,2024-10-16,6.0,3.0,paris
656,2024-10-17,12.5,12.0,paris
657,2024-10-18,7.7,12.0,paris
658,2024-10-19,2.7,7.0,paris
659,2024-10-20,0.7,1.0,paris
660,2024-10-21,1.6,5.0,paris
661,2024-10-22,0.0,0.0,paris
662,2024-10-23,0.0,0.0,paris
663,2024-10-24,0.0,0.0,paris
664,2024-10-25,2.0,5.0,paris
665,2024-10-26,5.1,13.0,paris
666,2024-10-27,2.8,5.0,paris
667,2024-10-28,0.0,0.0,paris
668,2024-10-29,0.0,0.0,paris
669,2024-10-30,0.0,0.0,paris
670,2024-10-31,0.0,0.0,paris
671,2024-11-01,0.0,0.0,paris
672,2024-11-02,0.7,7.0,paris
673,2024-11-03,0.0,0.0,paris
674,2024-11-04,0.0,0.0,paris
675,2024-11-05,0.0,0.0,paris
676,2024-11-06,0.0,0.0,paris
677,2024-11-07,0.0,0.0,paris
678,2024-11-08,0.0,0.0,paris
679,2024-11-09,0.0,0.0,paris
680,2024-11-10,0.5,5.0,paris
681,2024-11-11,0.5,2.0,paris
682,2024-11-12,2.1,9.0,paris
683,2024-11-13,0.0,0.0,paris
684,2024-11-14,0.0,0.0,paris
685,2024-11-15,0.1,1.0,paris
686,2024-11-16,0.0,0.0,paris
687,2024-11-17,1.0,7.0,paris
688,2024-11-18,4.3,12.0,paris
689,2024-11-19,24.4,18.0,paris
690,2024-11-20,1.3,6.0,paris
691,2024-11-21,0.6,12.0,paris
692,2024-11-22,0.0,3.0,paris
693,2024-11-23,0.0,0.0,paris
694,2024-11-24,0.0,0.0,paris
695,2024-11-25,8.8,10.0,paris
696,2024-11-26,3.4,6.0,paris
697,2024-11-27,8.7,10.0,paris
698,2024-11-28,0.0,0.0,paris
699,2024-11-29,0.0,0.0,paris
700,2024-11-30,0.0,0.0,paris
701,2024-12-01,0.0,0.0,paris
702,2024-12-02,0.5,3.0,paris
703,2024-12-03,1.0,3.0,paris
704,2024-12-04,0.0,0.0,paris
705,2024-12-05,3.4,7.0,paris
706,2024-12-06,2.3,4.0,paris
707,2024-12-07,7.8,14.0,paris
708,2024-12-08,5.6,12.0,paris
709,2024-12-09,1.3,9.0,paris
710,2024-12-10,0.2,2.0,paris
711,2024-12-11,0.0,0.0,paris
712,2024-12-12,0.0,0.0,paris
713,2024-12-13,0.0,0.0,paris
714,2024-12-14,0.1,1.0,paris
715,2024-12-15,0.0,0.0,paris
716,2024-12-16,0.0,0.0,paris
717,2024-12-17,0.0,0.0,paris
718,2024-12-18,1.4,3.0,paris
719,2024-12-19,4.5,10.0,paris
720,2024-12-20,0.1,1.0,paris
721,2024-12-21,4.8,12.0,paris
722,2024-12-22,17.0,16.0,paris
723,2024-12-23,0.1,1.0,paris
724,2024-12-24,1.1,3.0,paris
725,2024-12-25,0.0,0.0,paris
726,2024-12-26,0.0,0.0,paris
727,2024-12-27,0.0,0.0,paris
728,2024-12-28,0.0,0.0,paris
729,2024-12-29,0.0,0.0,paris
730,2024-12-30,0.1,1.0,paris
731,2024-12-31,0.0,0.0,paris
732,2024-01-01,1.4,7.0,brussels
733,2024-01-02,24.3,23.0,brussels
734,2024-01-03,6.5,14.0,brussels
735,2024-01-04,2.5,9.0,brussels
736,2024-01-05,5.1,12.0,brussels
737,2024-01-06,2.6,15.0,brussels
738,2024-01-07,0.0,0.0,brussels
739,2024-01-08,0.0,0.0,brussels
740,2024-01-09,0.0,0.0,brussels
741,2024-01-10,0.0,0.0,brussels
742,2024-01-11,0.0,0.0,brussels
743,2024-01-12,0.0,0.0,brussels
744,2024-01-13,0.1,1.0,brussels
745,2024-01-14,0.0,2.0,brussels
746,2024-01-15,0.2,9.0,brussels
747,2024-01-16,0.0,0.0,brussels
748,2024-01-17,0.0,13.0,brussels
749,2024-01-18,0.0,4.0,brussels
750,2024-01-19,0.0,0.0,brussels
751,2024-01-20,0.0,0.0,brussels
752,2024-01-21,0.2,1.0,brussels
753,2024-01-22,3.3,11.0,brussels
754,2024-01-23,3.5,10.0,brussels
755,2024-01-24,0.8,3.0,brussels
756,2024-01-25,0.6,2.0,brussels
757,2024-01-26,2.3,5.0,brussels
758,2024-01-27,0.0,0.0,brussels
759,2024-01-28,0.0,0.0,brussels
760,2024-01-29,0.0,0.0,brussels
761,2024-01-30,0.0,0.0,brussels
762,2024-01-31,0.2,2.0,brussels
763,2024-02-01,4.5,6.0,brussels
764,2024-02-02,0.0,0.0,brussels
765,2024-02-03,0.4,3.0,brussels
766,2024-02-04,1.2,5.0,brussels
767,2024-02-05,0.0,0.0,brussels
768,2024-02-06,0.7,6.0,brussels
769,2024-02-07,20.9,18.0,brussels
770,2024-02-08,10.0,16.0,brussels
771,2024-02-09,4.7,13.0,brussels
772,2024-02-10,2.8,6.0,brussels
773,2024-02-11,4.8,17.0,brussels
774,2024-02-12,0.1,1.0,brussels
775,2024-02-13,0.1,1.0,brussels
776,2024-02-14,2.6,10.0,brussels
777,2024-02-15,0.5,2.0,brussels
778,2024-02-16,3.3,10.0,brussels
779,2024-02-17,0.0,0.0,brussels
780,2024-02-18,7.6,15.0,brussels
781,2024-02-19,1.0,7.0,brussels
782,2024-02-20,0.2,2.0,brussels
783,2024-02-21,7.6,8.0,brussels
784,2024-02-22,8.5,13.0,brussels
785,2024-02-23,3.7,8.0,brussels
786,2024-02-24,1.7,7.0,brussels
787,2024-02-25,0.5,4.0,brussels
788,2024-02-26,16.6,23.0,brussels
789,2024-02-27,0.1,1.0,brussels
790,2024-02-28,0.0,0.0,brussels
791,2024-02-29,6.4,14.0,brussels
792,2024-03-01,8.6,14.0,brussels
793,2024-03-02,7.7,11.0,brussels
794,2024-03-03,6.1,11.0,brussels
795,2024-03-04,0.1,1.0,brussels
796,2024-03-05,1.5,10.0,brussels
797,2024-03-06,0.1,1.0,brussels
798,2024-03-07,0.0,0.0,brussels
799,2024-03-08,0.0,0.0,brussels
800,2024-03-09,0.4,2.0,brussels
801,2024-03-10,5.2,10.0,brussels
802,2024-03-11,19.5,22.0,brussels
803,2024-03-12,8.0,14.0,brussels
804,2024-03-13,2.3,9.0,brussels
805,2024-03-14,0.0,0.0,brussels
806,2024-03-15,2.1,8.0,brussels
807,2024-03-16,1.2,9.0,brussels
808,2024-03-17,1.8,6.0,brussels
809,2024-03-18,0.4,4.0,brussels
810,2024-03-19,0.7,4.0,brussels
811,2024-03-20,0.0,0.0,brussels
812,2024-03-21,0.0,0.0,brussels
813,2024-03-22,6.4,8.0,brussels
814,2024-03-23,5.1,14.0,brussels
815,2024-03-24,1.7,12.0,brussels
816,2024-03-25,0.1,1.0,brussels
817,2024-03-26,0.3,1.0,brussels
818,2024-03-27,0.4,3.0,brussels
819,2024-03-28,2.6,10.0,brussels
820,2024-03-29,5.1,10.0,brussels
821,2024-03-30,4.2,14.0,brussels
822,2024-03-31,4.0,7.0,brussels
823,2024-04-01,0.5,1.0,brussels
824,2024-04-02,3.8,9.0,brussels
825,2024-04-03,8.0,18.0,brussels
826,2024-04-04,9.2,15.0,brussels
827,2024-04-05,3.8,13.0,brussels
828,2024-04-06,0.0,0.0,brussels
829,2024-04-07,4.8,8.0,brussels
830,2024-04-08,4.1,5.0,brussels
831,2024-04-09,6.7,7.0,brussels
832,2024-04-10,0.0,0.0,brussels
833,2024-04-11,0.4,4.0,brussels
834,2024-04-12,0.0,0.0,brussels
835,2024-04-13,0.0,0.0,brussels
836,2024-04-14,0.4,4.0,brussels
837,2024-04-15,7.6,15.0,brussels
838,2024-04-16,9.7,18.0,brussels
839,2024-04-17,7.3,12.0,brussels
840,2024-04-18,1.0,7.0,brussels
841,2024-04-19,5.2,15.0,brussels
842,2024-04-20,1.5,10.0,brussels
843,2024-04-21,1.6,9.0,brussels
844,2024-04-22,1.6,6.0,brussels
845,2024-04-23,0.9,4.0,brussels
846,2024-04-24,3.8,14.0,brussels
847,2024-04-25,0.5,4.0,brussels
848,2024-04-26,4.9,15.0,brussels
849,2024-04-27,2.9,9.0,brussels
850,2024-04-28,0.5,5.0,brussels
851,2024-04-29,0.5,4.0,brussels
852,2024-04-30,0.4,4.0,brussels
853,2024-05-01,0.6,1.0,brussels
854,2024-05-02,2.6,6.0,brussels
855,2024-05-03,5.8,16.0,brussels
856,2024-05-04,7.8,11.0,brussels
857,2024-05-05,0.0,0.0,brussels
858,2024-05-06,5.4,13.0,brussels
859,2024-05-07,0.2,2.0,brussels
860,2024-05-08,1.4,9.0,brussels
861,2024-05-09,0.1,1.0,brussels
862,2024-05-10,0.0,0.0,brussels
863,2024-05-11,0.0,0.0,brussels
864,2024-05-12,0.1,1.0,brussels
865,2024-05-13,0.3,3.0,brussels
866,2024-05-14,0.1,1.0,brussels
867,2024-05-15,7.4,13.0,brussels
868,2024-05-16,13.6,15.0,brussels
869,2024-05-17,7.4,9.0,brussels
870,2024-05-18,5.4,8.0,brussels
871,2024-05-19,0.5,4.0,brussels
872,2024-05-20,2.0,7.0,brussels
873,2024-05-21,9.7,12.0,brussels
874,2024-05-22,1.6,8.0,brussels
875,2024-05-23,0.8,5.0,brussels
876,2024-05-24,3.6,9.0,brussels
877,2024-05-25,8.8,15.0,brussels
878,2024-05-26,8.4,6.0,brussels
879,2024-05-27,1.9,7.0,brussels
880,2024-05-28,3.6,8.0,brussels
881,2024-05-29,5.0,13.0,brussels
882,2024-05-30,1.1,8.0,brussels
883,2024-05-31,2.1,14.0,brussels
884,2024-06-01,5.0,14.0,brussels
885,2024-06-02,0.0,0.0,brussels
886,2024-06-03,0.2,2.0,brussels
887,2024-06-04,0.3,1.0,brussels
888,2024-06-05,0.5,5.0,brussels
889,2024-06-06,0.1,1.0,brussels
890,2024-06-07,0.0,0.0,brussels
891,2024-06-08,0.2,2.0,brussels
892,2024-06-09,0.0,0.0,brussels
893,2024-06-10,8.6,9.0,brussels
894,2024-06-11,3.8,7.0,brussels
895,2024-06-12,0.3,3.0,brussels
896,2024-06-13,0.5,4.0,brussels
897,2024-06-14,4.0,12.0,brussels
898,2024-06-15,4.3,14.0,brussels
899,2024-06-16,4.6,12.0,brussels
900,2024-06-17,1.2,7.0,brussels
901,2024-06-18,21.2,16.0,brussels
902,2024-06-19,1.1,8.0,brussels
903,2024-06-20,2.8,7.0,brussels
904,2024-06-21,3.9,10.0,brussels
905,2024-06-22,0.7,7.0,brussels
906,2024-06-23,0.0,0.0,brussels
907,2024-06-24,0.0,0.0,brussels
908,2024-06-25,0.0,0.0,brussels
909,2024-06-26,0.0,0.0,brussels
910,2024-06-27,0.2,2.0,brussels
911,2024-06-28,0.0,0.0,brussels
912,2024-06-29,15.0,3.0,brussels
913,2024-06-30,19.7,11.0,brussels
914,2024-07-01,1.6,8.0,brussels
915,2024-07-02,3.4,16.0,brussels
916,2024-07-03,3.9,10.0,brussels
917,2024-07-04,1.4,10.0,brussels
918,2024-07-05,3.3,6.0,brussels
919,2024-07-06,0.0,0.0,brussels
920,2024-07-07,0.1,1.0,brussels
921,2024-07-08,0.4,3.0,brussels
922,2024-07-09,8.5,6.0,brussels
923,2024-07-10,2.0,8.0,brussels
924,2024-07-11,0.0,0.0,brussels
925,2024-07-12,28.3,15.0,brussels
926,2024-07-13,0.0,0.0,brussels
927,2024-07-14,0.2,2.0,brussels
928,2024-07-15,15.3,4.0,brussels
929,2024-07-16,8.5,8.0,brussels
930,2024-07-17,0.9,7.0,brussels
931,2024-07-18,0.1,1.0,brussels
932,2024-07-19,0.3,1.0,brussels
933,2024-07-20,0.9,2.0,brussels
934,2024-07-21,1.0,9.0,brussels
935,2024-07-22,0.4,3.0,brussels
936,2024-07-23,2.6,11.0,brussels
937,2024-07-24,0.3,3.0,brussels
938,2024-07-25,0.4,2.0,brussels
939,2024-07-26,5.2,12.0,brussels
940,2024-07-27,2.7,3.0,brussels
941,2024-07-28,0.0,0.0,brussels
942,2024-07-29,0.0,0.0,brussels
943,2024-07-30,0.0,0.0,brussels
944,2024-07-31,3.8,4.0,brussels
945,2024-08-01,5.1,11.0,brussels
946,2024-08-02,0.5,1.0,brussels
947,2024-08-03,2.1,8.0,brussels
948,2024-08-04,4.6,7.0,brussels
949,2024-08-05,0.0,0.0,brussels
950,2024-08-06,0.0,0.0,brussels
951,2024-08-07,1.1,4.0,brussels
952,2024-08-08,0.2,2.0,brussels
953,2024-08-09,1.2,4.0,brussels
954,2024-08-10,0.0,0.0,brussels
955,2024-08-11,0.0,0.0,brussels
956,2024-08-12,0.0,0.0,brussels
957,2024-08-13,2.8,1.0,brussels
958,2024-08-14,0.5,2.0,brussels
959,2024-08-15,0.0,0.0,brussels
960,2024-08-16,5.3,12.0,brussels
961,2024-08-17,1.9,11.0,brussels
962,2024-08-18,0.8,7.0,brussels
963,2024-08-19,0.0,0.0,brussels
964,2024-08-20,11.8,5.0,brussels
965,2024-08-21,0.0,0.0,brussels
966,2024-08-22,0.6,1.0,brussels
967,2024-08-23,1.3,8.0,brussels
968,2024-08-24,5.0,10.0,brussels
969,2024-08-25,0.4,4.0,brussels
970,2024-08-26,0.0,0.0,brussels
971,2024-08-27,0.0,0.0,brussels
972,2024-08-28,0.0,0.0,brussels
973,2024-08-29,0.0,0.0,brussels
974,2024-08-30,2.1,7.0,brussels
975,2024-08-31,6.4,5.0,brussels
976,2024-09-01,0.0,0.0,brussels
977,2024-09-02,0.4,2.0,brussels
978,2024-09-03,3.5,9.0,brussels
979,2024-09-04,1.8,3.0,brussels
980,2024-09-05,0.2,2.0,brussels
981,2024-09-06,2.8,7.0,brussels
982,2024-09-07,17.2,4.0,brussels
983,2024-09-08,11.2,5.0,brussels
984,2024-09-09,4.6,20.0,brussels
985,2024-09-10,4.3,10.0,brussels
986,2024-09-11,8.8,12.0,brussels
987,2024-09-12,2.9,6.0,brussels
988,2024-09-13,5.3,6.0,brussels
989,2024-09-14,0.1,1.0,brussels
990,2024-09-15,0.0,0.0,brussels
991,2024-09-16,0.9,6.0,brussels
992,2024-09-17,0.0,0.0,brussels
993,2024-09-18,0.0,0.0,brussels
994,2024-09-19,0.0,0.0,brussels
995,2024-09-20,0.0,0.0,brussels
996,2024-09-21,0.0,0.0,brussels
997,2024-09-22,0.0,0.0,brussels
998,2024-09-23,2.0,11.0,brussels
999,2024-09-24,1.8,8.0,brussels
1000,2024-09-25,7.1,13.0,brussels
1001,2024-09-26,9.9,13.0,brussels
1002,2024-09-27,7.6,9.0,brussels
1003,2024-09-28,2.5,10.0,brussels
1004,2024-09-29,0.0,0.0,brussels
1005,2024-09-30,5.4,16.0,brussels
1006,2024-10-01,1.4,8.0,brussels
1007,2024-10-02,0.2,2.0,brussels
1008,2024-10-03,0.2,1.0,brussels
1009,2024-10-04,0.0,0.0,brussels
1010,2024-10-05,0.0,0.0,brussels
1011,2024-10-06,0.1,1.0,brussels
1012,2024-10-07,2.1,7.0,brussels
1013,2024-10-08,0.7,5.0,brussels
1014,2024-10-09,24.8,13.0,brussels
1015,2024-10-10,8.2,18.0,brussels
1016,2024-10-11,0.3,3.0,brussels
1017,2024-10-12,1.7,2.0,brussels
1018,2024-10-13,0.3,2.0,brussels
1019,2024-10-14,7.2,8.0,brussels
1020,2024-10-15,0.0,0.0,brussels
1021,2024-10-16,0.0,0.0,brussels
1022,2024-10-17,2.7,11.0,brussels
1023,2024-10-18,0.1,1.0,brussels
1024,2024-10-19,0.7,5.0,brussels
1025,2024-10-20,0.3,2.0,brussels
1026,2024-10-21,9.4,17.0,brussels
1027,2024-10-22,4.2,4.0,brussels
1028,2024-10-23,0.0,0.0,brussels
1029,2024-10-24,0.1,1.0,brussels
1030,2024-10-25,3.7,4.0,brussels
1031,2024-10-26,0.0,0.0,brussels
1032,2024-10-27,0.3,3.0,brussels
1033,2024-10-28,0.0,0.0,brussels
1034,2024-10-29,2.4,2.0,brussels
1035,2024-10-30,0.1,1.0,brussels
1036,2024-10-31,0.0,0.0,brussels
1037,2024-11-01,0.0,0.0,brussels
1038,2024-11-02,0.0,0.0,brussels
1039,2024-11-03,0.0,0.0,brussels
1040,2024-11-04,0.0,0.0,brussels
1041,2024-11-05,0.0,0.0,brussels
1042,2024-11-06,0.2,2.0,brussels
1043,2024-11-07,0.0,0.0,brussels
1044,2024-11-08,0.0,0.0,brussels
1045,2024-11-09,0.0,0.0,brussels
1046,2024-11-10,0.0,0.0,brussels
1047,2024-11-11,1.5,10.0,brussels
1048,2024-11-12,2.6,11.0,brussels
1049,2024-11-13,0.0,0.0,brussels
1050,2024-11-14,0.6,5.0,brussels
1051,2024-11-15,0.3,3.0,brussels
1052,2024-11-16,0.0,0.0,brussels
1053,2024-11-17,3.6,13.0,brussels
1054,2024-11-18,4.1,14.0,brussels
1055,2024-11-19,23.9,21.0,brussels
1056,2024-11-20,1.3,7.0,brussels
1057,2024-11-21,0.4,2.0,brussels
1058,2024-11-22,0.7,3.0,brussels
1059,2024-11-23,3.8,4.0,brussels
1060,2024-11-24,1.2,3.0,brussels
1061,2024-11-25,11.3,10.0,brussels
1062,2024-11-26,7.2,5.0,brussels
1063,2024-11-27,5.0,7.0,brussels
1064,2024-11-28,0.1,1.0,brussels
1065,2024-11-29,0.0,0.0,brussels
1066,2024-11-30,0.0,0.0,brussels
1067,2024-12-01,0.0,0.0,brussels
1068,2024-12-02,3.2,8.0,brussels
1069,2024-12-03,1.5,7.0,brussels
1070,2024-12-04,0.0,0.0,brussels
1071,2024-12-05,8.9,12.0,brussels
1072,2024-12-06,7.5,7.0,brussels
1073,2024-12-07,6.2,18.0,brussels
1074,2024-12-08,3.6,13.0,brussels
1075,2024-12-09,1.0,5.0,brussels
1076,2024-12-10,0.0,0.0,brussels
1077,2024-12-11,0.0,0.0,brussels
1078,2024-12-12,0.1,1.0,brussels
1079,2024-12-13,0.0,0.0,brussels
1080,2024-12-14,1.1,3.0,brussels
1081,2024-12-15,0.0,0.0,brussels
1082,2024-12-16,0.5,5.0,brussels
1083,2024-12-17,0.1,1.0,brussels
1084,2024-12-18,0.2,1.0,brussels
1085,2024-12-19,9.1,20.0,brussels
1086,2024-12-20,0.1,1.0,brussels
1087,2024-12-21,3.6,11.0,brussels
1088,2024-12-22,5.4,13.0,brussels
1089,2024-12-23,8.2,16.0,brussels
1090,2024-12-24,0.9,8.0,brussels
1091,2024-12-25,0.0,0.0,brussels
1092,2024-12-26,0.0,0.0,brussels
1093,2024-12-27,0.0,0.0,brussels
1094,2024-12-28,0.0,0.0,brussels
1095,2024-12-29,0.0,0.0,brussels
1096,2024-12-30,0.0,0.0,brussels
1097,2024-12-31,0.0,0.0,brussels
1098,2024-01-01,4.8,15.0,amsterdam
1099,2024-01-02,19.8,16.0,amsterdam
1100,2024-01-03,4.9,19.0,amsterdam
1101,2024-01-04,5.2,13.0,amsterdam
1102,2024-01-05,6.3,15.0,amsterdam
1103,2024-01-06,0.0,0.0,amsterdam
1104,2024-01-07,0.1,3.0,amsterdam
1105,2024-01-08,0.0,2.0,amsterdam
1106,2024-01-09,0.0,0.0,amsterdam
1107,2024-01-10,0.0,0.0,amsterdam
1108,2024-01-11,0.0,0.0,amsterdam
1109,2024-01-12,0.0,0.0,amsterdam
1110,2024-01-13,0.2,2.0,amsterdam
1111,2024-01-14,3.9,17.0,amsterdam
1112,2024-01-15,0.8,10.0,amsterdam
1113,2024-01-16,0.0,6.0,amsterdam
1114,2024-01-17,0.0,0.0,amsterdam
1115,2024-01-18,0.0,0.0,amsterdam
1116,2024-01-19,0.1,3.0,amsterdam
1117,2024-01-20,0.0,0.0,amsterdam
1118,2024-01-21,0.2,1.0,amsterdam
1119,2024-01-22,6.5,11.0,amsterdam
1120,2024-01-23,6.6,11.0,amsterdam
1121,2024-01-24,1.2,6.0,amsterdam
1122,2024-01-25,0.4,3.0,amsterdam
1123,2024-01-26,4.6,6.0,amsterdam
1124,2024-01-27,0.0,0.0,amsterdam
1125,2024-01-28,0.0,0.0,amsterdam
1126,2024-01-29,0.0,0.0,amsterdam
1127,2024-01-30,0.8,4.0,amsterdam
1128,2024-01-31,0.0,0.0,amsterdam
1129,2024-02-01,3.8,4.0,amsterdam
1130,2024-02-02,0.1,1.0,amsterdam
1131,2024-02-03,1.7,6.0,amsterdam
1132,2024-02-04,4.0,9.0,amsterdam
1133,2024-02-05,0.1,1.0,amsterdam
1134,2024-02-06,7.3,11.0,amsterdam
1135,2024-02-07,9.7,7.0,amsterdam
1136,2024-02-08,7.9,11.0,amsterdam
1137,2024-02-09,9.8,15.0,amsterdam
1138,2024-02-10,2.5,3.0,amsterdam
1139,2024-02-11,6.6,14.0,amsterdam
1140,2024-02-12,5.5,11.0,amsterdam
1141,2024-02-13,1.9,9.0,amsterdam
1142,2024-02-14,12.0,18.0,amsterdam
1143,2024-02-15,5.5,8.0,amsterdam
1144,2024-02-16,0.5,3.0,amsterdam
1145,2024-02-17,0.5,3.0,amsterdam
1146,2024-02-18,24.8,19.0,amsterdam
1147,2024-02-19,0.7,5.0,amsterdam
1148,2024-02-20,0.8,2.0,amsterdam
1149,2024-02-21,5.5,9.0,amsterdam
1150,2024-02-22,10.0,13.0,amsterdam
1151,2024-02-23,5.4,14.0,amsterdam
1152,2024-02-24,3.2,8.0,amsterdam
1153,2024-02-25,2.8,12.0,amsterdam
1154,2024-02-26,0.2,2.0,amsterdam
1155,2024-02-27,0.0,0.0,amsterdam
1156,2024-02-28,0.1,1.0,amsterdam
1157,2024-02-29,6.7,18.0,amsterdam
1158,2024-03-01,6.8,11.0,amsterdam
1159,2024-03-02,3.5,5.0,amsterdam
1160,2024-03-03,0.3,3.0,amsterdam
1161,2024-03-04,0.3,2.0,amsterdam
1162,2024-03-05,0.4,2.0,amsterdam
1163,2024-03-06,0.1,1.0,amsterdam
1164,2024-03-07,0.0,0.0,amsterdam
1165,2024-03-08,0.0,0.0,amsterdam
1166,2024-03-09,0.0,0.0,amsterdam
1167,2024-03-10,0.0,0.0,amsterdam
1168,2024-03-11,4.7,13.0,amsterdam
1169,2024-03-12,1.7,9.0,amsterdam
1170,2024-03-13,1.2,10.0,amsterdam
1171,2024-03-14,0.0,0.0,amsterdam
1172,2024-03-15,4.1,7.0,amsterdam
1173,2024-03-16,0.7,4.0,amsterdam
1174,2024-03-17,3.8,9.0,amsterdam
1175,2024-03-18,0.3,1.0,amsterdam
1176,2024-03-19,0.0,0.0,amsterdam
1177,2024-03-20,1.8,5.0,amsterdam
1178,2024-03-21,0.0,0.0,amsterdam
1179,2024-03-22,0.9,6.0,amsterdam
1180,2024-03-23,3.2,15.0,amsterdam
1181,2024-03-24,11.4,17.0,amsterdam
1182,2024-03-25,0.2,2.0,amsterdam
1183,2024-03-26,0.0,0.0,amsterdam
1184,2024-03-27,0.7,3.0,amsterdam
1185,2024-03-28,1.7,6.0,amsterdam
1186,2024-03-29,0.5,4.0,amsterdam
1187,2024-03-30,3.6,12.0,amsterdam
1188,2024-03-31,7.5,9.0,amsterdam
1189,2024-04-01,0.0,0.0,amsterdam
1190,2024-04-02,0.6,5.0,amsterdam
1191,2024-04-03,7.7,16.0,amsterdam
1192,2024-04-04,14.0,12.0,amsterdam
1193,2024-04-05,7.7,8.0,amsterdam
1194,2024-04-06,0.0,0.0,amsterdam
1195,2024-04-07,2.0,3.0,amsterdam
1196,2024-04-08,1.6,2.0,amsterdam
1197,2024-04-09,2.2,13.0,amsterdam
1198,2024-04-10,0.4,4.0,amsterdam
1199,2024-04-11,1.3,6.0,amsterdam
1200,2024-04-12,0.0,0.0,amsterdam
1201,2024-04-13,0.0,0.0,amsterdam
1202,2024-04-14,0.0,0.0,amsterdam
1203,2024-04-15,13.5,11.0,amsterdam
1204,2024-04-16,10.8,17.0,amsterdam
1205,2024-04-17,4.5,11.0,amsterdam
1206,2024-04-18,1.7,3.0,amsterdam
1207,2024-04-19,12.2,22.0,amsterdam
1208,2024-04-20,2.0,9.0,amsterdam
1209,2024-04-21,1.7,8.0,amsterdam
1210,2024-04-22,0.4,4.0,amsterdam
1211,2024-04-23,1.4,3.0,amsterdam
1212,2024-04-24,4.8,12.0,amsterdam
1213,2024-04-25,3.1,13.0,amsterdam
1214,2024-04-26,0.9,5.0,amsterdam
1215,2024-04-27,5.7,11.0,amsterdam
1216,2024-04-28,2.8,8.0,amsterdam
1217,2024-04-29,1.5,7.0,amsterdam
1218,2024-04-30,0.4,3.0,amsterdam
1219,2024-05-01,2.1,2.0,amsterdam
1220,2024-05-02,0.4,1.0,amsterdam
1221,2024-05-03,11.2,15.0,amsterdam
1222,2024-05-04,2.5,5.0,amsterdam
1223,2024-05-05,8.6,7.0,amsterdam
1224,2024-05-06,0.0,0.0,amsterdam
1225,2024-05-07,0.3,2.0,amsterdam
1226,2024-05-08,1.2,9.0,amsterdam
1227,2024-05-09,0.0,0.0,amsterdam
1228,2024-05-10,0.0,0.0,amsterdam
1229,2024-05-11,0.0,0.0,amsterdam
1230,2024-05-12,0.0,0.0,amsterdam
1231,2024-05-13,1.1,6.0,amsterdam
1232,2024-05-14,0.4,2.0,amsterdam
1233,2024-05-15,5.4,8.0,amsterdam
1234,2024-05-16,4.1,10.0,amsterdam
1235,2024-05-17,8.7,18.0,amsterdam
1236,2024-05-18,2.0,4.0,amsterdam
1237,2024-05-19,0.6,2.0,amsterdam
1238,2024-05-20,8.6,12.0,amsterdam
1239,2024-05-21,3.8,8.0,amsterdam
1240,2024-05-22,20.7,13.0,amsterdam
1241,2024-05-23,1.4,6.0,amsterdam
1242,2024-05-24,3.3,9.0,amsterdam
1243,2024-05-25,17.2,15.0,amsterdam
1244,2024-05-26,6.9,4.0,amsterdam
1245,2024-05-27,4.3,6.0,amsterdam
1246,2024-05-28,6.7,10.0,amsterdam
1247,2024-05-29,29.5,19.0,amsterdam
1248,2024-05-30,1.8,10.0,amsterdam
1249,2024-05-31,3.7,11.0,amsterdam
1250,2024-06-01,2.6,9.0,amsterdam
1251,2024-06-02,0.0,0.0,amsterdam
1252,2024-06-03,0.1,1.0,amsterdam
1253,2024-06-04,2.5,13.0,amsterdam
1254,2024-06-05,2.8,6.0,amsterdam
1255,2024-06-06,0.2,2.0,amsterdam
1256,2024-06-07,3.3,5.0,amsterdam
1257,2024-06-08,2.5,9.0,amsterdam
1258,2024-06-09,0.2,2.0,amsterdam
1259,2024-06-10,31.1,23.0,amsterdam
1260,2024-06-11,3.8,15.0,amsterdam
1261,2024-06-12,3.1,10.0,amsterdam
1262,2024-06-13,1.2,6.0,amsterdam
1263,2024-06-14,2.1,8.0,amsterdam
1264,2024-06-15,11.7,20.0,amsterdam
1265,2024-06-16,6.8,11.0,amsterdam
1266,2024-06-17,0.4,4.0,amsterdam
1267,2024-06-18,2.4,8.0,amsterdam
1268,2024-06-19,2.0,6.0,amsterdam
1269,2024-06-20,0.0,0.0,amsterdam
1270,2024-06-21,8.0,8.0,amsterdam
1271,2024-06-22,0.0,0.0,amsterdam
1272,2024-06-23,0.1,1.0,amsterdam
1273,2024-06-24,0.0,0.0,amsterdam
1274,2024-06-25,0.0,0.0,amsterdam
1275,2024-06-26,0.0,0.0,amsterdam
1276,2024-06-27,0.0,0.0,amsterdam
1277,2024-06-28,0.1,1.0,amsterdam
1278,2024-06-29,0.0,0.0,amsterdam
1279,2024-06-30,0.9,6.0,amsterdam
1280,2024-07-01,0.7,7.0,amsterdam
1281,2024-07-02,7.7,10.0,amsterdam
1282,2024-07-03,8.0,11.0,amsterdam
1283,2024-07-04,6.5,6.0,amsterdam
1284,2024-07-05,3.5,11.0,amsterdam
1285,2024-07-06,12.8,15.0,amsterdam
1286,2024-07-07,11.1,19.0,amsterdam
1287,2024-07-08,0.7,7.0,amsterdam
1288,2024-07-09,5.3,5.0,amsterdam
1289,2024-07-10,1.2,6.0,amsterdam
1290,2024-07-11,0.8,6.0,amsterdam
1291,2024-07-12,10.1,10.0,amsterdam
1292,2024-07-13,7.9,20.0,amsterdam
1293,2024-07-14,2.0,10.0,amsterdam
1294,2024-07-15,2.1,3.0,amsterdam
1295,2024-07-16,12.7,16.0,amsterdam
1296,2024-07-17,0.0,0.0,amsterdam
1297,2024-07-18,0.1,1.0,amsterdam
1298,2024-07-19,0.0,0.0,amsterdam
1299,2024-07-20,0.0,0.0,amsterdam
1300,2024-07-21,15.8,6.0,amsterdam
1301,2024-07-22,0.9,5.0,amsterdam
1302,2024-07-23,3.6,11.0,amsterdam
1303,2024-07-24,0.0,0.0,amsterdam
1304,2024-07-25,1.7,6.0,amsterdam
1305,2024-07-26,4.1,8.0,amsterdam
1306,2024-07-27,1.3,7.0,amsterdam
1307,2024-07-28,0.0,0.0,amsterdam
1308,2024-07-29,0.0,0.0,amsterdam
1309,2024-07-30,0.0,0.0,amsterdam
1310,2024-07-31,0.0,0.0,amsterdam
1311,2024-08-01,0.2,1.0,amsterdam
1312,2024-08-02,0.6,1.0,amsterdam
1313,2024-08-03,1.9,7.0,amsterdam
1314,2024-08-04,0.0,0.0,amsterdam
1315,2024-08-05,0.0,0.0,amsterdam
1316,2024-08-06,0.0,0.0,amsterdam
1317,2024-08-07,0.7,4.0,amsterdam
1318,2024-08-08,0.3,2.0,amsterdam
1319,2024-08-09,5.8,18.0,amsterdam
1320,2024-08-10,0.0,0.0,amsterdam
1321,2024-08-11,0.0,0.0,amsterdam
1322,2024-08-12,0.0,0.0,amsterdam
1323,2024-08-13,0.0,0.0,amsterdam
1324,2024-08-14,4.0,6.0,amsterdam
1325,2024-08-15,0.2,2.0,amsterdam
1326,2024-08-16,11.9,15.0,amsterdam
1327,2024-08-17,0.0,0.0,amsterdam
1328,2024-08-18,0.0,0.0,amsterdam
1329,2024-08-19,0.0,0.0,amsterdam
1330,2024-08-20,14.6,10.0,amsterdam
1331,2024-08-21,0.0,0.0,amsterdam
1332,2024-08-22,0.6,3.0,amsterdam
1333,2024-08-23,1.9,3.0,amsterdam
1334,2024-08-24,7.2,10.0,amsterdam
1335,2024-08-25,1.7,6.0,amsterdam
1336,2024-08-26,1.3,11.0,amsterdam
1337,2024-08-27,0.0,0.0,amsterdam
1338,2024-08-28,0.0,0.0,amsterdam
1339,2024-08-29,0.0,0.0,amsterdam
1340,2024-08-30,0.0,0.0,amsterdam
1341,2024-08-31,0.0,0.0,amsterdam
1342,2024-09-01,1.3,2.0,amsterdam
1343,2024-09-02,1.3,2.0,amsterdam
1344,2024-09-03,4.0,10.0,amsterdam
1345,2024-09-04,3.3,8.0,amsterdam
1346,2024-09-05,0.0,0.0,amsterdam
1347,2024-09-06,7.0,7.0,amsterdam
1348,2024-09-07,0.0,0.0,amsterdam
1349,2024-09-08,0.7,2.0,amsterdam
1350,2024-09-09,1.8,6.0,amsterdam
1351,2024-09-10,10.8,11.0,amsterdam
1352,2024-09-11,19.4,20.0,amsterdam
1353,2024-09-12,1.4,7.0,amsterdam
1354,2024-09-13,0.0,0.0,amsterdam
1355,2024-09-14,0.0,0.0,amsterdam
1356,2024-09-15,0.0,0.0,amsterdam
1357,2024-09-16,0.5,3.0,amsterdam
1358,2024-09-17,0.0,0.0,amsterdam
1359,2024-09-18,0.0,0.0,amsterdam
1360,2024-09-19,0.0,0.0,amsterdam
1361,2024-09-20,0.0,0.0,amsterdam
1362,2024-09-21,0.0,0.0,amsterdam
1363,2024-09-22,0.6,3.0,amsterdam
1364,2024-09-23,2.3,6.0,amsterdam
1365,2024-09-24,2.2,8.0,amsterdam
1366,2024-09-25,7.6,19.0,amsterdam
1367,2024-09-26,17.6,18.0,amsterdam
1368,2024-09-27,15.2,16.0,amsterdam
1369,2024-09-28,3.0,11.0,amsterdam
1370,2024-09-29,0.0,0.0,amsterdam
1371,2024-09-30,13.7,11.0,amsterdam
1372,2024-10-01,20.6,22.0,amsterdam
1373,2024-10-02,4.9,7.0,amsterdam
1374,2024-10-03,0.0,0.0,amsterdam
1375,2024-10-04,0.0,0.0,amsterdam
1376,2024-10-05,0.0,0.0,amsterdam
1377,2024-10-06,0.0,0.0,amsterdam
1378,2024-10-07,2.8,10.0,amsterdam
1379,2024-10-08,1.7,3.0,amsterdam
1380,2024-10-09,1.4,11.0,amsterdam
1381,2024-10-10,1.6,13.0,amsterdam
1382,2024-10-11,0.0,0.0,amsterdam
1383,2024-10-12,1.9,4.0,amsterdam
1384,2024-10-13,2.1,11.0,amsterdam
1385,2024-10-14,0.1,1.0,amsterdam
1386,2024-10-15,0.0,0.0,amsterdam
1387,2024-10-16,0.0,0.0,amsterdam
1388,2024-10-17,0.5,3.0,amsterdam
1389,2024-10-18,0.6,5.0,amsterdam
1390,2024-10-19,3.2,10.0,amsterdam
1391,2024-10-20,2.2,9.0,amsterdam
1392,2024-10-21,4.3,10.0,amsterdam
1393,2024-10-22,6.3,6.0,amsterdam
1394,2024-10-23,0.3,3.0,amsterdam
1395,2024-10-24,0.0,0.0,amsterdam
1396,2024-10-25,2.0,4.0,amsterdam
1397,2024-10-26,0.0,0.0,amsterdam
1398,2024-10-27,0.1,1.0,amsterdam
1399,2024-10-28,2.3,11.0,amsterdam
1400,2024-10-29,2.4,14.0,amsterdam
1401,2024-10-30,0.0,0.0,amsterdam
1402,2024-10-31,0.0,0.0,amsterdam
1403,2024-11-01,0.1,1.0,amsterdam
1404,2024-11-02,0.0,0.0,amsterdam
1405,2024-11-03,0.0,0.0,amsterdam
1406,2024-11-04,0.0,0.0,amsterdam
1407,2024-11-05,0.0,0.0,amsterdam
1408,2024-11-06,0.1,1.0,amsterdam
1409,2024-11-07,0.0,0.0,amsterdam
1410,2024-11-08,0.0,0.0,amsterdam
1411,2024-11-09,0.0,0.0,amsterdam
1412,2024-11-10,0.5,2.0,amsterdam
1413,2024-11-11,2.8,6.0,amsterdam
1414,2024-11-12,0.0,0.0,amsterdam
1415,2024-11-13,0.0,0.0,amsterdam
1416,2024-11-14,0.1,1.0,amsterdam
1417,2024-11-15,0.0,0.0,amsterdam
1418,2024-11-16,3.1,9.0,amsterdam
1419,2024-11-17,5.2,18.0,amsterdam
1420,2024-11-18,7.8,10.0,amsterdam
1421,2024-11-19,12.0,14.0,amsterdam
1422,2024-11-20,4.3,14.0,amsterdam
1423,2024-11-21,2.5,16.0,amsterdam
1424,2024-11-22,4.5,15.0,amsterdam
1425,2024-11-23,11.0,15.0,amsterdam
1426,2024-11-24,3.3,4.0,amsterdam
1427,2024-11-25,5.7,13.0,amsterdam
1428,2024-11-26,1.2,5.0,amsterdam
1429,2024-11-27,15.7,16.0,amsterdam
1430,2024-11-28,0.4,4.0,amsterdam
1431,2024-11-29,0.0,0.0,amsterdam
1432,2024-11-30,0.0,0.0,amsterdam
1433,2024-12-01,0.0,0.0,amsterdam
1434,2024-12-02,2.7,9.0,amsterdam
1435,2024-12-03,0.7,3.0,amsterdam
1436,2024-12-04,0.6,3.0,amsterdam
1437,2024-12-05,13.3,13.0,amsterdam
1438,2024-12-06,15.2,11.0,amsterdam
1439,2024-12-07,4.0,17.0,amsterdam
1440,2024-12-08,2.7,8.0,amsterdam
1441,2024-12-09,0.2,2.0,amsterdam
1442,2024-12-10,0.0,0.0,amsterdam
1443,2024-12-11,0.0,0.0,amsterdam
1444,2024-12-12,0.3,2.0,amsterdam
1445,2024-12-13,0.0,0.0,amsterdam
1446,2024-12-14,1.7,8.0,amsterdam
1447,2024-12-15,0.3,3.0,amsterdam
1448,2024-12-16,0.3,3.0,amsterdam
1449,2024-12-17,0.1,1.0,amsterdam
1450,2024-12-18,0.9,3.0,amsterdam
1451,2024-12-19,17.3,23.0,amsterdam
1452,2024-12-20,0.4,2.0,amsterdam
1453,2024-12-21,5.2,12.0,amsterdam
1454,2024-12-22,8.2,16.0,amsterdam
1455,2024-12-23,2.1,4.0,amsterdam
1456,2024-12-24,1.0,9.0,amsterdam
1457,2024-12-25,0.0,0.0,amsterdam
1458,2024-12-26,0.1,1.0,amsterdam
1459,2024-12-27,0.0,0.0,amsterdam
1460,2024-12-28,0.0,0.0,amsterdam
1461,2024-12-29,0.1,1.0,amsterdam
1462,2024-12-30,0.0,0.0,amsterdam
1463,2024-12-31,0.0,0.0,amsterdam
1464,2024-01-01,11.0,10.0,dublin
1465,2024-01-02,9.4,11.0,dublin
1466,2024-01-03,0.7,5.0,dublin
1467,2024-01-04,0.0,0.0,dublin
1468,2024-01-05,0.0,0.0,dublin
1469,2024-01-06,0.0,0.0,dublin
1470,2024-01-07,0.0,0.0,dublin
1471,2024-01-08,0.0,0.0,dublin
1472,2024-01-09,0.0,0.0,dublin
1473,2024-01-10,0.0,0.0,dublin
1474,2024-01-11,0.0,0.0,dublin
1475,2024-01-12,0.0,0.0,dublin
1476,2024-01-13,0.2,2.0,dublin
1477,2024-01-14,0.3,3.0,dublin
1478,2024-01-15,0.0,0.0,dublin
1479,2024-01-16,0.0,0.0,dublin
1480,2024-01-17,0.0,0.0,dublin
1481,2024-01-18,0.0,0.0,dublin
1482,2024-01-19,0.0,0.0,dublin
1483,2024-01-20,8.8,16.0,dublin
1484,2024-01-21,9.6,17.0,dublin
1485,2024-01-22,0.6,5.0,dublin
1486,2024-01-23,3.6,17.0,dublin
1487,2024-01-24,0.0,0.0,dublin
1488,2024-01-25,1.5,6.0,dublin
1489,2024-01-26,2.4,4.0,dublin
1490,2024-01-27,0.0,0.0,dublin
1491,2024-01-28,0.6,3.0,dublin
1492,2024-01-29,13.7,18.0,dublin
1493,2024-01-30,0.0,0.0,dublin
1494,2024-01-31,3.2,6.0,dublin
1495,2024-02-01,0.0,0.0,dublin
1496,2024-02-02,0.4,4.0,dublin
1497,2024-02-03,0.5,4.0,dublin
1498,2024-02-04,0.9,7.0,dublin
1499,2024-02-05,0.1,1.0,dublin
1500,2024-02-06,9.3,10.0,dublin
1501,2024-02-07,0.0,0.0,dublin
1502,2024-02-08,17.8,17.0,dublin
1503,2024-02-09,5.7,16.0,dublin
1504,2024-02-10,0.6,4.0,dublin
1505,2024-02-11,0.2,2.0,dublin
1506,2024-02-12,0.5,2.0,dublin
1507,2024-02-13,1.2,5.0,dublin
1508,2024-02-14,3.0,6.0,dublin
1509,2024-02-15,4.4,13.0,dublin
1510,2024-02-16,3.3,8.0,dublin
1511,2024-02-17,3.5,5.0,dublin
1512,2024-02-18,3.1,7.0,dublin
1513,2024-02-19,1.6,6.0,dublin
1514,2024-02-20,2.3,5.0,dublin
1515,2024-02-21,3.8,10.0,dublin
1516,2024-02-22,3.2,9.0,dublin
1517,2024-02-23,0.0,0.0,dublin
1518,2024-02-24,0.1,1.0,dublin
1519,2024-02-25,1.5,8.0,dublin
1520,2024-02-26,0.0,0.0,dublin
1521,2024-02-27,0.8,7.0,dublin
1522,2024-02-28,5.1,11.0,dublin
1523,2024-02-29,0.3,3.0,dublin
1524,2024-03-01,19.0,22.0,dublin
1525,2024-03-02,2.3,8.0,dublin
1526,2024-03-03,0.5,4.0,dublin
1527,2024-03-04,8.1,8.0,dublin
1528,2024-03-05,1.2,5.0,dublin
1529,2024-03-06,0.0,0.0,dublin
1530,2024-03-07,0.0,0.0,dublin
1531,2024-03-08,0.3,2.0,dublin
1532,2024-03-09,3.7,11.0,dublin
1533,2024-03-10,8.5,13.0,dublin
1534,2024-03-11,3.0,7.0,dublin
1535,2024-03-12,5.7,5.0,dublin
1536,2024-03-13,7.4,19.0,dublin
1537,2024-03-14,11.1,14.0,dublin
1538,2024-03-15,0.6,5.0,dublin
1539,2024-03-16,2.7,5.0,dublin
1540,2024-03-17,0.3,3.0,dublin
1541,2024-03-18,0.6,4.0,dublin
1542,2024-03-19,1.1,6.0,dublin
1543,2024-03-20,3.2,12.0,dublin
1544,2024-03-21,1.3,8.0,dublin
1545,2024-03-22,1.5,7.0,dublin
1546,2024-03-23,0.4,4.0,dublin
1547,2024-03-24,0.6,4.0,dublin
1548,2024-03-25,6.4,16.0,dublin
1549,2024-03-26,4.8,18.0,dublin
1550,2024-03-27,1.9,7.0,dublin
1551,2024-03-28,1.3,8.0,dublin
1552,2024-03-29,0.4,3.0,dublin
1553,2024-03-30,0.1,1.0,dublin
1554,2024-03-31,6.1,11.0,dublin
1555,2024-04-01,2.0,11.0,dublin
1556,2024-04-02,1.0,6.0,dublin
1557,2024-04-03,8.1,12.0,dublin
1558,2024-04-04,5.9,10.0,dublin
1559,2024-04-05,2.9,9.0,dublin
1560,2024-04-06,3.6,9.0,dublin
1561,2024-04-07,1.0,5.0,dublin
1562,2024-04-08,18.0,18.0,dublin
1563,2024-04-09,6.2,13.0,dublin
1564,2024-04-10,6.9,9.0,dublin
1565,2024-04-11,5.1,4.0,dublin
1566,2024-04-12,0.1,1.0,dublin
1567,2024-04-13,0.4,4.0,dublin
1568,2024-04-14,2.1,8.0,dublin
1569,2024-04-15,7.5,14.0,dublin
1570,2024-04-16,3.7,11.0,dublin
1571,2024-04-17,3.1,9.0,dublin
1572,2024-04-18,0.4,3.0,dublin
1573,2024-04-19,1.4,7.0,dublin
1574,2024-04-20,0.0,0.0,dublin
1575,2024-04-21,0.0,0.0,dublin
1576,2024-04-22,0.9,7.0,dublin
1577,2024-04-23,0.2,2.0,dublin
1578,2024-04-24,0.2,1.0,dublin
1579,2024-04-25,3.1,9.0,dublin
1580,2024-04-26,0.2,2.0,dublin
1581,2024-04-27,0.4,4.0,dublin
1582,2024-04-28,1.7,8.0,dublin
1583,2024-04-29,2.3,13.0,dublin
1584,2024-04-30,8.5,15.0,dublin
1585,2024-05-01,0.5,4.0,dublin
1586,2024-05-02,4.8,9.0,dublin
1587,2024-05-03,1.8,12.0,dublin
1588,2024-05-04,4.2,18.0,dublin
1589,2024-05-05,0.0,0.0,dublin
1590,2024-05-06,1.9,9.0,dublin
1591,2024-05-07,0.0,0.0,dublin
1592,2024-05-08,0.2,1.0,dublin
1593,2024-05-09,0.0,0.0,dublin
1594,2024-05-10,0.0,0.0,dublin
1595,2024-05-11,0.0,0.0,dublin
1596,2024-05-12,7.6,6.0,dublin
1597,2024-05-13,5.4,12.0,dublin
1598,2024-05-14,0.5,5.0,dublin
1599,2024-05-15,0.1,1.0,dublin
1600,2024-05-16,5.0,13.0,dublin
1601,2024-05-17,0.7,3.0,dublin
1602,2024-05-18,1.1,8.0,dublin
1603,2024-05-19,0.0,0.0,dublin
1604,2024-05-20,0.1,1.0,dublin
1605,2024-05-21,14.2,11.0,dublin
1606,2024-05-22,3.6,11.0,dublin
1607,2024-05-23,0.4,4.0,dublin
1608,2024-05-24,1.6,8.0,dublin
1609,2024-05-25,2.4,7.0,dublin
1610,2024-05-26,11.6,19.0,dublin
1611,2024-05-27,0.7,5.0,dublin
1612,2024-05-28,8.3,13.0,dublin
1613,2024-05-29,1.3,9.0,dublin
1614,2024-05-30,3.9,13.0,dublin
1615,2024-05-31,0.0,0.0,dublin
1616,2024-06-01,0.1,1.0,dublin
1617,2024-06-02,0.0,0.0,dublin
1618,2024-06-03,0.7,5.0,dublin
1619,2024-06-04,1.8,7.0,dublin
1620,2024-06-05,0.3,3.0,dublin
1621,2024-06-06,0.4,2.0,dublin
1622,2024-06-07,0.5,5.0,dublin
1623,2024-06-08,0.4,3.0,dublin
1624,2024-06-09,3.4,11.0,dublin
1625,2024-06-10,0.8,6.0,dublin
1626,2024-06-11,0.5,5.0,dublin
1627,2024-06-12,0.0,0.0,dublin
1628,2024-06-13,4.6,8.0,dublin
1629,2024-06-14,1.9,6.0,dublin
1630,2024-06-15,4.7,11.0,dublin
1631,2024-06-16,0.4,4.0,dublin
1632,2024-06-17,0.3,3.0,dublin
1633,2024-06-18,0.2,2.0,dublin
1634,2024-06-19,0.0,0.0,dublin
1635,2024-06-20,0.0,0.0,dublin
1636,2024-06-21,4.5,8.0,dublin
1637,2024-06-22,0.2,2.0,dublin
1638,2024-06-23,0.4,4.0,dublin
1639,2024-06-24,0.0,0.0,dublin
1640,2024-06-25,2.1,13.0,dublin
1641,2024-06-26,0.1,1.0,dublin
1642,2024-06-27,1.0,6.0,dublin
1643,2024-06-28,0.4,4.0,dublin
1644,2024-06-29,6.7,13.0,dublin
1645,2024-06-30,0.6,6.0,dublin
1646,2024-07-01,2.1,12.0,dublin
1647,2024-07-02,0.4,4.0,dublin
1648,2024-07-03,1.0,7.0,dublin
1649,2024-07-04,0.1,1.0,dublin
1650,2024-07-05,2.0,6.0,dublin
1651,2024-07-06,4.0,15.0,dublin
1652,2024-07-07,3.4,10.0,dublin
1653,2024-07-08,0.1,1.0,dublin
1654,2024-07-09,9.2,21.0,dublin
1655,2024-07-10,5.4,16.0,dublin
1656,2024-07-11,2.2,6.0,dublin
1657,2024-07-12,0.9,6.0,dublin
1658,2024-07-13,2.0,9.0,dublin
1659,2024-07-14,1.1,6.0,dublin
1660,2024-07-15,1.2,8.0,dublin
1661,2024-07-16,0.6,4.0,dublin
1662,2024-07-17,0.1,1.0,dublin
1663,2024-07-18,8.4,13.0,dublin
1664,2024-07-19,0.1,1.0,dublin
1665,2024-07-20,2.7,7.0,dublin
1666,2024-07-21,0.8,4.0,dublin
1667,2024-07-22,20.4,15.0,dublin
1668,2024-07-23,0.6,2.0,dublin
1669,2024-07-24,1.5,4.0,dublin
1670,2024-07-25,0.8,8.0,dublin
1671,2024-07-26,0.8,7.0,dublin
1672,2024-07-27,4.3,12.0,dublin
1673,2024-07-28,0.1,1.0,dublin
1674,2024-07-29,0.6,1.0,dublin
1675,2024-07-30,0.0,0.0,dublin
1676,2024-07-31,0.0,0.0,dublin
1677,2024-08-01,0.5,2.0,dublin
1678,2024-08-02,2.5,6.0,dublin
1679,2024-08-03,0.2,2.0,dublin
1680,2024-08-04,3.7,10.0,dublin
1681,2024-08-05,3.8,8.0,dublin
1682,2024-08-06,0.6,6.0,dublin
1683,2024-08-07,0.5,3.0,dublin
1684,2024-08-08,1.4,8.0,dublin
1685,2024-08-09,0.1,1.0,dublin
1686,2024-08-10,0.4,3.0,dublin
1687,2024-08-11,2.9,3.0,dublin
1688,2024-08-12,0.6,5.0,dublin
1689,2024-08-13,0.6,3.0,dublin
1690,2024-08-14,0.0,0.0,dublin
1691,2024-08-15,3.9,9.0,dublin
1692,2024-08-16,0.0,0.0,dublin
1693,2024-08-17,0.2,2.0,dublin
1694,2024-08-18,0.1,1.0,dublin
1695,2024-08-19,7.4,8.0,dublin
1696,2024-08-20,0.8,6.0,dublin
1697,2024-08-21,2.5,5.0,dublin
1698,2024-08-22,6.7,19.0,dublin
1699,2024-08-23,16.1,8.0,dublin
1700,2024-08-24,0.5,4.0,dublin
1701,2024-08-25,0.2,2.0,dublin
1702,2024-08-26,0.2,2.0,dublin
1703,2024-08-27,5.7,15.0,dublin
1704,2024-08-28,0.4,2.0,dublin
1705,2024-08-29,0.6,6.0,dublin
1706,2024-08-30,0.0,0.0,dublin
1707,2024-08-31,0.0,0.0,dublin
1708,2024-09-01,1.0,4.0,dublin
1709,2024-09-02,6.2,16.0,dublin
1710,2024-09-03,1.4,8.0,dublin
1711,2024-09-04,6.3,9.0,dublin
1712,2024-09-05,1.1,9.0,dublin
1713,2024-09-06,0.0,0.0,dublin
1714,2024-09-07,0.0,0.0,dublin
1715,2024-09-08,0.2,2.0,dublin
1716,2024-09-09,0.0,0.0,dublin
1717,2024-09-10,1.5,6.0,dublin
1718,2024-09-11,0.5,4.0,dublin
1719,2024-09-12,0.2,2.0,dublin
1720,2024-09-13,0.0,0.0,dublin
1721,2024-09-14,2.3,2.0,dublin
1722,2024-09-15,1.4,6.0,dublin
1723,2024-09-16,0.0,0.0,dublin
1724,2024-09-17,0.0,0.0,dublin
1725,2024-09-18,0.0,0.0,dublin
1726,2024-09-19,0.0,0.0,dublin
1727,2024-09-20,0.0,0.0,dublin
1728,2024-09-21,6.4,8.0,dublin
1729,2024-09-22,4.1,12.0,dublin
1730,2024-09-23,0.2,2.0,dublin
1731,2024-09-24,0.5,5.0,dublin
1732,2024-09-25,9.5,10.0,dublin
1733,2024-09-26,15.8,18.0,dublin
1734,2024-09-27,0.5,5.0,dublin
1735,2024-09-28,0.0,0.0,dublin
1736,2024-09-29,13.5,14.0,dublin
1737,2024-09-30,2.1,11.0,dublin
1738,2024-10-01,2.0,6.0,dublin
1739,2024-10-02,0.3,3.0,dublin
1740,2024-10-03,0.0,0.0,dublin
1741,2024-10-04,1.8,2.0,dublin
1742,2024-10-05,4.3,5.0,dublin
1743,2024-10-06,3.1,9.0,dublin
1744,2024-10-07,1.2,4.0,dublin
1745,2024-10-08,4.4,11.0,dublin
1746,2024-10-09,2.7,12.0,dublin
1747,2024-10-10,0.5,4.0,dublin
1748,2024-10-11,0.0,0.0,dublin
1749,2024-10-12,1.0,5.0,dublin
1750,2024-10-13,1.1,4.0,dublin
1751,2024-10-14,0.0,0.0,dublin
1752,2024-10-15,5.1,6.0,dublin
1753,2024-10-16,6.5,9.0,dublin
1754,2024-10-17,0.5,5.0,dublin
1755,2024-10-18,3.6,7.0,dublin
1756,2024-10-19,0.0,0.0,dublin
1757,2024-10-20,6.1,13.0,dublin
1758,2024-10-21,1.1,7.0,dublin
1759,2024-10-22,0.1,1.0,dublin
1760,2024-10-23,0.0,0.0,dublin
1761,2024-10-24,0.5,3.0,dublin
1762,2024-10-25,11.1,10.0,dublin
1763,2024-10-26,0.8,3.0,dublin
1764,2024-10-27,3.8,8.0,dublin
1765,2024-10-28,1.5,9.0,dublin
1766,2024-10-29,0.0,0.0,dublin
1767,2024-10-30,0.0,0.0,dublin
1768,2024-10-31,0.0,0.0,dublin
1769,2024-11-01,0.1,1.0,dublin
1770,2024-11-02,0.0,0.0,dublin
1771,2024-11-03,0.1,1.0,dublin
1772,2024-11-04,0.2,2.0,dublin
1773,2024-11-05,0.2,1.0,dublin
1774,2024-11-06,0.0,0.0,dublin
1775,2024-11-07,0.3,3.0,dublin
1776,2024-11-08,0.0,0.0,dublin
1777,2024-11-09,0.3,3.0,dublin
1778,2024-11-10,1.6,4.0,dublin
1779,2024-11-11,0.0,0.0,dublin
1780,2024-11-12,0.0,0.0,dublin
1781,2024-11-13,0.1,1.0,dublin
1782,2024-11-14,0.8,6.0,dublin
1783,2024-11-15,0.3,3.0,dublin
1784,2024-11-16,1.4,7.0,dublin
1785,2024-11-17,2.5,10.0,dublin
1786,2024-11-18,13.9,14.0,dublin
1787,2024-11-19,16.5,15.0,dublin
1788,2024-11-20,0.0,0.0,dublin
1789,2024-11-21,0.0,1.0,dublin
1790,2024-11-22,0.0,0.0,dublin
1791,2024-11-23,32.9,17.0,dublin
1792,2024-11-24,2.3,5.0,dublin
1793,2024-11-25,0.4,2.0,dublin
1794,2024-11-26,0.0,0.0,dublin
1795,2024-11-27,0.0,0.0,dublin
1796,2024-11-28,0.4,2.0,dublin
1797,2024-11-29,6.1,5.0,dublin
1798,2024-11-30,0.1,1.0,dublin
1799,2024-12-01,0.9,6.0,dublin
1800,2024-12-02,0.0,0.0,dublin
1801,2024-12-03,0.1,1.0,dublin
1802,2024-12-04,2.9,8.0,dublin
1803,2024-12-05,11.1,6.0,dublin
1804,2024-12-06,2.7,8.0,dublin
1805,2024-12-07,13.4,10.0,dublin
1806,2024-12-08,0.0,0.0,dublin
1807,2024-12-09,0.3,3.0,dublin
1808,2024-12-10,0.0,0.0,dublin
1809,2024-12-11,0.0,0.0,dublin
1810,2024-12-12,0.0,0.0,dublin
1811,2024-12-13,0.1,1.0,dublin
1812,2024-12-14,0.7,3.0,dublin
1813,2024-12-15,0.0,0.0,dublin
1814,2024-12-16,0.3,2.0,dublin
1815,2024-12-17,4.6,9.0,dublin
1816,2024-12-18,3.8,15.0,dublin
1817,2024-12-19,0.0,0.0,dublin
1818,2024-12-20,0.6,5.0,dublin
1819,2024-12-21,2.2,13.0,dublin
1820,2024-12-22,0.2,3.0,dublin
1821,2024-12-23,0.3,3.0,dublin
1822,2024-12-24,0.1,1.0,dublin
1823,2024-12-25,0.0,0.0,dublin
1824,2024-12-26,0.0,0.0,dublin
1825,2024-12-27,0.0,0.0,dublin
1826,2024-12-28,0.0,0.0,dublin
1827,2024-12-29,0.0,0.0,dublin
1828,2024-12-30,0.0,0.0,dublin
1829,2024-12-31,12.2,16.0,dublin
